package_id,transaction_hash,block_number,gas_used,status
PKG033,f5a213e2a3d75a852266a120def47cf355cc48b6de0697cad557e3da4a24cee0,2,856642,1
PKG023,7dc4f3a5db52d8a13b933f424ed5d528b3c6241bd7bbbf5525ed2964bbf0eda8,3,816819,1
PKG001,37e133db61b843b6f7b1dd8af9899ece44eaec62b854de4cd96807e3d616ea37,4,839638,1
PKG039,4204a925cc3829b295c95dcc074966448ac4a28b163c56ca7796a05ec4b4c94a,5,816735,1
PKG002,fe82b9bec880c1af8ddcb6d03b2ad89027697b13da70f7fb5b25eaa95c53b249,6,885647,1
PKG038,0f0641fd523055df15f109a59e14d6c32cd750941a0aa86ed8cc80df4c96e9b5,7,816711,1
PKG048,16a7d852941d7ab0320caba08992a4b461d4cf9008c65a8157ad01610afad775,8,839590,1
PKG043,7dec13d136acae9847a5c6e5ac4be408be19b62c0908715fdc587d5b122e4024,9,839650,1
PKG037,36d46adc446a66397c31e4ad7b5f97e44a3d76c10e53f74cd8cbabee64e4e909,10,839650,1
PKG003,0624262c2f05f317a0ed1e5c57aef4778e72d1aaa782d57fe088ea72f791c3c7,11,839686,1
PKG004,31d1eeb3bb2b4987b241f7ac8544b560a94003a1b29ffc760d0cd98254a81311,12,816771,1
PKG024,268800f0e430731523113e063c9f3bf8d4535952faf9c97ab16f142f5d9c0f65,13,816711,1
PKG011,d9114980de378497095ea202ccdcbf50e755a7b5338555dd67402abad64857f0,14,816807,1
PKG032,f92054274bba028ae95a227009daf5c1895e56b65a096b9bdfa868a7520f4c48,15,816783,1
PKG045,d4c8916343a99a56725cba8d37e5d2cffe2390df6bca01beef838a07dde7bdcb,16,839650,1
PKG016,3e8842b77693d2f9503d3c4cb62642ab1a80ad96f1dab5aa2305ad89e510d876,17,816627,1
PKG040,fffe764195834aa9bee5f04585729c414ca407a16f31a042e5140e64bdf4eeda,18,816843,1
PKG008,7dce379aa4682ae16d61986b8945cd74d1079d4eb25109f39d5aed3a0998b49e,19,839530,1
PKG020,75bf021b60ce6a6f62b18a677f653ec773becbd8f3ae04279c8ab8408cc723fd,20,816861,1
PKG026,7db95d58037d632b05f58bd25e1a914f5f22d828ebd7ab842e473c7a0adf6fa9,21,839710,1
PKG021,fbc4b290e9988d8368616b4653eb8026db8c7ebff7558567d087657b15ef8097,22,816867,1
PKG015,302382944e6fe3ae16981082058844b76980834219b93c3e3a3c3fbc132d5713,23,816819,1
PKG046,3062cd9cd805b70495fe9a84f2b806a191066051db58738dda92650e435e2cd1,24,862852,1
PKG025,b3c3d8001b5ff6e36e02279529a6b41e4637c0903c52a339f8f1cef79e06c50c,25,839626,1
PKG022,504eae71c8ecd0ac196f48857191cafd677eca4a0bbb02d94d8421e4c0983907,26,839578,1
PKG010,340d42ba2afa2a4b860982989857da6aabb424df727567f1ee93bb4aa71d3e77,27,839530,1
PKG036,634e9581dce890ae2529e310a3d8fe21200e3da87431f27ea45bbdaf9779fe4a,28,839578,1
PKG006,3ccb318ae15478e9f259dd16ea1e26a6dbc67d94a9377c5913ca2c6f18d9da55,29,839818,1
PKG007,4285893febd4e37b66a50fbe0b092bd27d4873b03dcda2a6e8de1f368c19e051,30,839578,1
PKG049,57d395a3fa0aefdb233e9609cb79fad7e664754f27fbb7b69d51e7861d389c3e,31,816831,1
PKG012,43c7fa84f41e8de10f39adef7e690a8001c4dba52c12af12c548ad6501abb433,32,816843,1
PKG019,0ecaad5c5b24cd5248848c18f7b4d533879fd9b76f81f5163a229896924c1c0b,33,816783,1
PKG013,4c382094398745688ae6833f83fabd04277ad5ac72de3fc70d00dd014337dfcf,34,816861,1
PKG034,1184af9e00f7af2792777360793a9b6baece5776627b619d1c64c09669722565,35,839602,1
PKG050,92283ef614a54e92d6a22a9234757a915af437cd2d7a683da89c5eb61fa6916f,36,839686,1
PKG030,5fdf2a19a381a9403f1aa47b90d2bae24746ae448dea68a3100307dc1b231947,37,816723,1
PKG035,eb800b645f45558596ba4b85f685bca83c6bc82f7020e29172ddcc113a4c4320,38,816807,1
PKG017,0f2262597859083f2a09c2dae744ae323c3e552c82cd17fd2ed6420348a7e20e,39,816783,1
PKG031,70fd9b3d0bb4e5f53314d2ef9588a72867f305a365613b44df32a671d6bf4839,40,816855,1
PKG005,4ae2c6eae4d9c835a94e638c717257429ffa878dd1748b0286e138fe47f75ff0,41,816867,1
PKG027,21a971caa3ccab75ad9755a5c76d97764879b423eba58cbab49f527048ac4c41,42,839590,1
PKG029,13e5425bc5109d3056b991ff67e4139ffc80147e6615e0a6c918344625d7eaba,43,816867,1
PKG042,1610c2b09dace00fe26170392bbc998a63d2a41ab5a7baf2dfe9431ac3a3c541,44,839686,1
PKG009,2e239b54a7e7ad5ab4871aaf0f7d1e2541f65f9d1ce2c6599f0834ceef223ee7,45,816627,1
PKG018,70a49ea983cb00b8e311d501fbcc6de0d59448324fe03707b3a03b11803446bd,46,816807,1
PKG044,1298b0e84b8ec3adf417a2f4586eebbcc89fcb73d7a2784a60494310b7742e79,47,839734,1
PKG065,652ceebab75f7afcbde4701170cea9aec27937399d4eaebe2c40863a6372238c,48,816699,1
PKG092,871eacb479dac9ba9ef08cf6f8ea1bc4652541aa2e5988ce251a7072992fb862,49,816807,1
PKG014,ecec519f0916b9dcc071166d1563145cec5d9feecd444b66972590f7566ae346,50,839530,1
PKG091,795bf898b9689739b1d01672551d811cb2997799349388fd6748e70a437a935d,51,816855,1
PKG096,bd1a39daf47af9cd7d48abece41c114da5b903267cbf6431092ff0a1b0592b07,52,839566,1
PKG041,fadf44ff12c92203e5cc761c3b112a385fc189bbd90c9e083ff969291d98854e,53,816867,1
PKG047,905413c372107b86865e74dcdb3de9f948b6a53fe02247fc38be43b8a7452435,54,816831,1
PKG084,562f4772c2979f9bbdfc01e919f44d9b2730b433330a12754ebd2bd969e5afa8,55,839554,1
PKG073,8384d99227f7b435e7a82932623be7d2248787361eb3d13ecbd68debf1c4e234,56,816843,1
PKG062,6d5f13ee236d5ff5054d53bb92c9c518e0cccb27de9a913e7830c4658bd99268,57,816861,1
PKG069,a84fef458b315f577d2dceacb1b07250302b1a6af5459a2f768f8ce015bc3267,58,816819,1
PKG055,7985ee43d45abada6ec8dd0af8a32e77dd5fbdbca18adf19f3c46dd561123d16,59,816783,1
PKG054,aed17fd6a934a58859079a9e5c413c415e9cacbf66ab82f0028f2d20a02fdc55,60,839614,1
PKG068,16bc1a5c14e7c464515383fbaac6d53c082dfe1f4f2be675bd26d58da9a958d0,61,839602,1
PKG098,f5a58fbbb7b5a579c22fc42bdab88939e6a5e0f75ccf23ca84b62aeefd3460f1,62,839530,1
PKG083,4528919a1986ed5070cd7500389c1483eb510318380fec1fcceccc257bbd4ac3,63,816735,1
PKG063,ffe1f33efeab9d2f59ea22349219886b66c74296c9415a91437252469467f2e3,64,816795,1
PKG052,87b1340470c4ea1155e297e41690b0c264b2cdc376549bb847325cc76aaff9f9,65,839578,1
PKG089,8c4df5c05852c6404e95ea2d54d0ba7b29b8f9792cc9e1f1d529102cc17d93f7,66,816867,1
PKG067,2113d07896124d44a18c2a13450e2c342084bb81cfc451b4f9d16619ebb2e056,67,816831,1
PKG100,cecdb8762f17409bec5604ac3e8e1838f328f0ab08b9dbf93a1843fba1745259,68,839770,1
PKG099,a5296426466bf422ad736ac115d80e8f6774ee7a9688788e2820128b0b1244a3,69,816783,1
PKG028,ee3a1e72077a79b6a29565d9dedbbbda2c73a4b663abeaea180f27b0141c5ae2,70,839566,1
PKG059,29719e5091f07389bc49374e20cfbb7ffde69632c24ff9d6b4f3f32425d0e914,71,839662,1
PKG066,141b2c520351b716ae285bb9b8830ecbdfc43fef3acb049198513d1280a15d0a,72,862792,1
PKG064,920425c10ca2098a8d4e892b06823a8832c51d407895fe8190717c8c394c776a,73,816843,1
PKG056,22f978f52d39dc57364804024fa62364afc6f5a16ae076d0016a89e72bef08f5,74,816855,1
PKG087,708aa44f326d69d6d607ced2ceac522f1b27bddc9d804d74fbc19294e8763940,75,839614,1
PKG060,bbd2e93be7ca38b3e606c00b704614c75c1dfedd98648f551c49c4f0b1d7c10c,76,816795,1
PKG090,f95b5cf101d3d59d310adbb4e5b5aeedf674bed2d566de121ccc22a9304cd322,77,816639,1
PKG079,cdcc37e5b434ae1412666b9e02b9f92fe24c62c4a9079c69da714e0f0d4dfb92,78,816747,1
PKG070,bbe929677a949d204413e0f5bb68ecad41994755011074bd418f622a635d072e,79,816855,1
PKG085,77222af179070e099a004979a64069d8c4fa7f9961c61d1a99b17590a0daa3dc,80,816855,1
PKG097,54492a1df007ca1c6cdfef5bb845d7d7be3031f5532fba515e86f2a430fdbd09,81,816723,1
PKG082,0dd45050b20778dbc1c2d849c5cf02d4ff442a738b00a41ac597013e9a076f6e,82,816807,1
PKG053,d9ff00a873ac61feadc7ab3945370befb3856d82a840746fa1419c3ea88b0815,83,816819,1
PKG061,2f682fe6688fb8e8d8090f14ef7e45a2b16b4f6cdad6bcc42090e21077f33e96,84,816843,1
PKG051,d6b32e541224c124efb0f1d2298490a6fe6e8c6ac8b9075d27ec5f2ff928be4a,85,885707,1
PKG095,677a72ca90ab230e3997e1a243a4bd302f59300849fe4d4dbede7bf2fa958239,86,839590,1
PKG094,016b47f01008ce3d1b035f3f966dbe2e41f031ba252b80778512e2ee65e05afa,87,816861,1
PKG058,ac820ee38c20bc73d40712122544ccbe4936531430f21dc0f2d9b21b7e2c77da,88,816783,1
PKG057,901826333139aa72a57bb4642ccbe8a0e64bdfa52a300675d58c326708f0ec9f,89,816867,1
PKG086,f782f37510ba48a040b99382e311756d2980145647f378b29d12f13971ee3bae,90,816831,1
PKG071,80a6fa612e850b15321d6c54b01a8b9be0bb424ff57c32621a6a850433668224,91,839566,1
PKG076,686534d61e598e12b372826d4ace37e9e8564e7d055256c8f5e5da26e3381025,92,816759,1
PKG093,ab90b0c81fe2999fb3f3650160d91a85d0327ed9369ace9f66899df766e9aab1,93,816867,1
PKG080,3829c80de02f0950679a983c8981b0b3a3b3eceba45853000889075c4b562c60,94,816867,1
PKG077,3e462103a4675fcf72d857d6e9637801b6fd1bafd73487c87b5e42b507e06bb7,95,839638,1
PKG078,c47fd3700c57af4c61e064825897e39f4570fdebf912f8f880ac91b1491ae63d,96,839602,1
PKG072,c5e7d2e185b9c261e83cfa04115d612eeb941bf69d6d535da03cd9de529e4825,97,839554,1
PKG075,3356f2cbf0762e8bc3dc04c8769a4f85a61d77cbdbd927cdc2f8685fbe391d20,98,839698,1
PKG088,50bb908f3205bf69c4ac286cb16244b71a8b5cd20e35e1f6970c2edf804bfef5,99,839590,1
PKG074,1f7e6038f9ca6626365abbb08bcb0b03e703f083b4e93f716560737c8d5b3af9,100,839542,1
PKG081,448190d04c4a8f71e521f50e1d85914376003346dd60327162a74f6a1ffde529,101,839542,1
