package_id,tracking_number,timestamp,Origin Location,Origin City,Origin Prefecture,Origin Longitude,Origin Latitude,Order Date,Current Location,Estimated Delivery Date,Delivery Exception Reason,Status,Perishable,Temperature,Temperature Issue,Current Longitude,Current Latitude,Delivery Longitude,Delivery Latitude,Delivery City,Delivery Prefecture,Route Distance KM,Estimated Transit Hours,RFID #,RFID Verified,RFID Failure %,RFID Failure Label,RFID Success %,RFID Success Label
PKG033,KZJP2026000033,2026-05-04 11:51:30.417739,"Ichihara, Chiba",Ichihara,Chiba,140.1109,35.7272,2026-05-03 10:41:01.319632,"Kofu, Yamanashi",2026-05-04 20:13:22.439322,None,Delivered,NO,25.6,Ambient,138.6736,35.7214,138.6736,35.7214,Kofu,Yamanashi,129.75,33.54,RFID-KZ-0033,YES,1.98,Low Risk,98.02,Excellent
PKG023,KZJP2026000023,2026-05-04 19:54:40.370163,"Ureshino, Saga",Ureshino,Saga,130.3639,33.3656,2026-05-03 07:38:33.276989,"Sakaide, Kagawa",2026-05-04 22:43:34.108125,None,Delivered,YES,6.5,Cool,133.976,34.4398,133.976,34.4398,Sakaide,Kagawa,354.09,39.08,RFID-KZ-0023,YES,0.91,Low Risk,99.09,Excellent
PKG001,KZJP2026000001,2026-05-05 01:20:39.131540,"Yokote, Akita",Yokote,Akita,140.0319,39.8156,2026-05-03 22:25:43.823106,"Minamisoma, Fukushima",2026-05-05 02:18:47.636072,None,Delivered,NO,16.2,Ambient,140.4328,37.8648,140.4328,37.8648,Minamisoma,Fukushima,219.68,27.88,RFID-KZ-0001,YES,2.66,Low Risk,97.34,Excellent
PKG039,KZJP2026000039,2026-05-05 09:19:14.119968,"Kazuno, Akita",Kazuno,Akita,140.1956,39.6428,2026-05-03 10:32:15.317110,"Hida, Gifu",2026-05-05 12:53:28.111558,None,Delivered,NO,23.1,Ambient,136.7642,35.5355,136.7642,35.5355,Hida,Gifu,547.61,50.35,RFID-KZ-0039,YES,0.92,Low Risk,99.08,Excellent
PKG002,KZJP2026000002,2026-05-05 09:27:46.895510,"Etajima, Hiroshima",Etajima,Hiroshima,132.4169,34.2766,2026-05-04 07:17:03.020266,"Transit Scan near Ogori, Fukuoka",2026-05-06 04:27:51.066871,Shipment still within estimated delivery window,In Transit,YES,5.6,Cool,131.486039,33.920485,130.52,33.5703,Ogori,Fukuoka,191.83,45.18,RFID-KZ-0002,YES,2.65,Low Risk,97.35,Excellent
PKG038,KZJP2026000038,2026-05-05 15:25:33.695454,"Chuo, Tokyo",Chuo,Tokyo,139.718,35.8066,2026-05-05 08:02:21.344755,"Mitaka, Tokyo",2026-05-06 00:12:37.997713,None,Delivered,NO,21.7,Ambient,139.5933,35.6209,139.5933,35.6209,Mitaka,Tokyo,23.52,16.17,RFID-KZ-0038,YES,2.1,Low Risk,97.9,Excellent
PKG048,KZJP2026000048,2026-05-06 03:23:16.354896,"Katsuyama, Fukui",Katsuyama,Fukui,136.1345,35.9827,2026-05-04 07:28:34.957924,"Shingu, Wakayama",2026-05-06 00:05:50.963962,None,Delivered,NO,15.7,Ambient,135.2639,34.1547,135.2639,34.1547,Shingu,Wakayama,218.16,40.62,RFID-KZ-0048,YES,2.44,Low Risk,97.56,Excellent
PKG043,KZJP2026000043,2026-05-06 12:15:35.230762,"Shizuoka, Shizuoka",Shizuoka,Shizuoka,138.4878,35.0331,2026-05-04 10:35:47.761226,"Yukuhashi, Fukuoka",2026-05-06 09:28:42.420598,None,Delivered,YES,4.8,Cool,130.2924,33.5407,130.2924,33.5407,Yukuhashi,Fukuoka,770.75,46.88,RFID-KZ-0043,YES,0.73,Low Risk,99.27,Excellent
PKG037,KZJP2026000037,2026-05-06 16:22:14.872867,"Hitachiomiya, Ibaraki",Hitachiomiya,Ibaraki,140.4731,36.2243,2026-05-04 18:49:39.876246,"Tsuruga, Fukui",2026-05-06 11:37:23.795346,None,Delivered,NO,24.4,Ambient,136.2479,36.1823,136.2479,36.1823,Tsuruga,Fukui,379.11,40.8,RFID-KZ-0037,YES,1.58,Low Risk,98.42,Excellent
PKG003,KZJP2026000003,2026-05-06 17:43:21.460887,"Koriyama, Fukushima",Koriyama,Fukushima,140.3972,37.847,2026-05-05 03:33:41.939518,"Kikugawa, Shizuoka",2026-05-06 16:57:58.020909,None,Delivered,NO,20.9,Ambient,138.4088,34.8585,138.4088,34.8585,Kikugawa,Shizuoka,376.98,37.4,RFID-KZ-0003,YES,0.28,Low Risk,99.72,Excellent
PKG004,KZJP2026000004,2026-05-06 22:14:45.074052,"Noda, Chiba",Noda,Chiba,140.2247,35.6272,2026-05-06 14:30:15.212059,"Hasuda, Saitama",2026-05-07 02:36:43.964444,None,Delivered,NO,18.1,Ambient,139.5449,35.9266,139.5449,35.9266,Hasuda,Saitama,69.78,12.11,RFID-KZ-0004,YES,2.0,Low Risk,98.0,Excellent
PKG024,KZJP2026000024,2026-05-06 22:26:27.813184,"Hino, Tokyo",Hino,Tokyo,139.64,35.5812,2026-05-05 20:24:24.279987,"Ueda, Nagano",2026-05-06 22:51:25.074085,None,Delivered,NO,16.7,Ambient,138.1104,36.7483,138.1104,36.7483,Ueda,Nagano,188.93,26.45,RFID-KZ-0024,YES,1.05,Low Risk,98.95,Excellent
PKG011,KZJP2026000011,2026-05-07 01:02:00.155584,"Kani, Gifu",Kani,Gifu,136.8229,35.3136,2026-05-05 08:03:19.383696,"Shiogama, Miyagi",2026-05-07 05:12:43.603034,None,Delivered,NO,13.5,Ambient,140.8013,38.3659,140.8013,38.3659,Shiogama,Miyagi,490.35,45.16,RFID-KZ-0011,YES,0.16,Low Risk,99.84,Excellent
PKG032,KZJP2026000032,2026-05-07 12:38:16.829073,"Toba, Mie",Toba,Mie,136.4736,34.8451,2026-05-06 03:46:39.238924,"Takahashi, Okayama",2026-05-07 07:58:45.274407,None,Delivered,NO,21.9,Ambient,134.0379,34.675,134.0379,34.675,Takahashi,Okayama,223.3,28.2,RFID-KZ-0032,YES,0.55,Low Risk,99.45,Excellent
PKG045,KZJP2026000045,2026-05-07 15:58:32.696779,"Etajima, Hiroshima",Etajima,Hiroshima,132.4169,34.2766,2026-05-03 21:31:05.421590,"Ishinomaki, Miyagi",2026-05-07 18:50:44.903417,None,Delivered,NO,23.0,Ambient,140.8982,38.386,140.8982,38.386,Ishinomaki,Miyagi,886.0,93.33,RFID-KZ-0045,YES,0.89,Low Risk,99.11,Excellent
PKG016,KZJP2026000016,2026-05-07 16:16:08.939225,"Ako, Hyogo",Ako,Hyogo,135.0861,34.6407,2026-05-06 16:31:27.065783,"Kato, Hyogo",2026-05-07 11:52:23.561627,None,Delivered,NO,23.2,Ambient,135.182,34.571,135.182,34.571,Kato,Hyogo,11.71,19.35,RFID-KZ-0016,YES,2.08,Low Risk,97.92,Excellent
PKG040,KZJP2026000040,2026-05-07 16:32:56.725776,"Chigasaki, Kanagawa",Chigasaki,Kanagawa,139.7056,35.5499,2026-05-05 07:34:32.954355,"Ako, Hyogo",2026-05-07 17:35:17.283188,None,Delivered,YES,5.8,Cool,135.0861,34.6407,135.0861,34.6407,Ako,Hyogo,432.22,58.01,RFID-KZ-0040,YES,1.47,Low Risk,98.53,Excellent
PKG008,KZJP2026000008,2026-05-07 17:35:37.728960,"Yokote, Akita",Yokote,Akita,140.0319,39.8156,2026-05-06 10:47:47.795491,"Kesennuma, Miyagi",2026-05-07 19:35:33.238304,None,Delivered,NO,19.4,Ambient,140.7524,38.2799,140.7524,38.2799,Kesennuma,Miyagi,181.74,32.8,RFID-KZ-0008,YES,2.16,Low Risk,97.84,Excellent
PKG020,KZJP2026000020,2026-05-07 23:35:43.903348,"Murakami, Niigata",Murakami,Niigata,138.9271,37.9657,2026-05-06 19:29:32.240496,"Adachi, Tokyo",2026-05-08 02:12:01.286507,None,Delivered,NO,19.6,Ambient,139.718,35.5724,139.718,35.5724,Adachi,Tokyo,275.29,30.71,RFID-KZ-0020,YES,2.28,Low Risk,97.72,Excellent
PKG026,KZJP2026000026,2026-05-08 03:48:47.147648,"Kasukabe, Saitama",Kasukabe,Saitama,139.5363,35.8119,2026-05-06 05:27:40.892641,"Fukushima, Fukushima",2026-05-08 02:13:55.592073,None,Delivered,NO,16.8,Ambient,140.5731,37.8075,140.5731,37.8075,Fukushima,Fukushima,240.33,44.77,RFID-KZ-0026,YES,2.22,Low Risk,97.78,Excellent
PKG021,KZJP2026000021,2026-05-08 06:36:29.603314,"Odate, Akita",Odate,Akita,139.983,39.7296,2026-05-04 22:21:47.557394,"Mihara, Hiroshima",2026-05-08 06:49:24.522887,None,Delivered,NO,20.8,Ambient,132.3324,34.4024,132.3324,34.4024,Mihara,Hiroshima,900.29,80.46,RFID-KZ-0021,YES,0.97,Low Risk,99.03,Excellent
PKG015,KZJP2026000015,2026-05-08 12:12:54.425739,"Maibara, Shiga",Maibara,Shiga,135.8336,34.8897,2026-05-06 22:53:58.015004,"Tsuruga, Fukui",2026-05-08 12:30:25.219905,None,Delivered,YES,5.6,Cool,136.2479,36.1823,136.2479,36.1823,Tsuruga,Fukui,148.54,37.61,RFID-KZ-0015,YES,0.96,Low Risk,99.04,Excellent
PKG046,KZJP2026000046,2026-05-08 20:01:16.146687,"Taku, Saga",Taku,Saga,130.1813,33.2745,2026-05-04 18:26:28.713823,"Exception Hub near Toyooka, Hyogo",2026-05-08 03:12:32.789342,RFID verification issue at sorting facility,Not Delivered,NO,23.8,Ambient,133.936959,34.421499,135.1604,34.805,Toyooka,Hyogo,489.26,80.77,RFID-KZ-0046,NO,19.85,High Risk,80.15,At Risk
PKG025,KZJP2026000025,2026-05-08 23:36:35.544614,"Minamiashigara, Kanagawa",Minamiashigara,Kanagawa,139.5554,35.5303,2026-05-08 15:12:02.659991,"Minato, Tokyo",2026-05-09 04:05:43.510893,None,Delivered,YES,4.1,Cool,139.6211,35.7865,139.6211,35.7865,Minato,Tokyo,29.1,12.89,RFID-KZ-0025,YES,1.2,Low Risk,98.8,Excellent
PKG022,KZJP2026000022,2026-05-09 03:22:02.985286,"Handa, Aichi",Handa,Aichi,136.9109,35.0615,2026-05-07 15:47:21.851414,"Kawachinagano, Osaka",2026-05-09 02:29:39.408601,None,Delivered,NO,17.4,Ambient,135.5068,34.8136,135.5068,34.8136,Kawachinagano,Osaka,130.92,34.7,RFID-KZ-0022,YES,2.47,Low Risk,97.53,Excellent
PKG010,KZJP2026000010,2026-05-09 07:30:14.855013,"Tomiya, Miyagi",Tomiya,Miyagi,140.9351,38.1669,2026-05-06 09:26:08.536637,"Matsubara, Osaka",2026-05-09 10:53:26.901100,None,Delivered,NO,21.7,Ambient,135.4152,34.7762,135.4152,34.7762,Matsubara,Osaka,620.9,73.46,RFID-KZ-0010,YES,1.43,Low Risk,98.57,Excellent
PKG036,KZJP2026000036,2026-05-09 09:01:10.250523,"Higashikagawa, Kagawa",Higashikagawa,Kagawa,134.0511,34.2229,2026-05-08 00:03:15.887513,"Oda, Shimane",2026-05-09 08:57:13.604637,None,Delivered,NO,23.9,Ambient,132.9615,35.3856,132.9615,35.3856,Oda,Shimane,163.13,32.9,RFID-KZ-0036,YES,2.2,Low Risk,97.8,Excellent
PKG006,KZJP2026000006,2026-05-09 11:06:55.451836,"Sukagawa, Fukushima",Sukagawa,Fukushima,140.4723,37.6301,2026-05-08 03:00:02.370815,"Tsukubamirai, Ibaraki",2026-05-09 13:57:37.965037,None,Delivered,NO,27.9,Danger Zone,140.5244,36.4329,140.5244,36.4329,Tsukubamirai,Ibaraki,133.2,34.96,RFID-KZ-0006,YES,2.63,Low Risk,97.37,Excellent
PKG007,KZJP2026000007,2026-05-09 11:46:32.972710,"Shiroishi, Miyagi",Shiroishi,Miyagi,140.7848,38.1864,2026-05-07 11:01:42.425804,"Toyohashi, Aichi",2026-05-09 15:16:52.368176,None,Delivered,YES,4.1,Cool,136.9327,35.2985,136.9327,35.2985,Toyohashi,Aichi,469.94,52.25,RFID-KZ-0007,YES,2.02,Low Risk,97.98,Excellent
PKG049,KZJP2026000049,2026-05-09 13:21:17.226631,"Tagajo, Miyagi",Tagajo,Miyagi,140.9902,38.2888,2026-05-08 10:02:31.049306,"Sumida, Tokyo",2026-05-09 14:24:41.581228,None,Delivered,NO,26.3,Ambient,139.7848,35.6137,139.7848,35.6137,Sumida,Tokyo,316.15,28.37,RFID-KZ-0049,YES,2.08,Low Risk,97.92,Excellent
PKG012,KZJP2026000012,2026-05-09 13:56:50.857659,"Izu, Shizuoka",Izu,Shizuoka,138.263,34.9646,2026-05-08 00:12:02.066949,"Muroto, Kochi",2026-05-10 00:08:41.395177,None,Delivered,NO,27.9,Danger Zone,133.5574,33.6768,133.5574,33.6768,Muroto,Kochi,455.19,47.94,RFID-KZ-0012,YES,0.67,Low Risk,99.33,Excellent
PKG019,KZJP2026000019,2026-05-09 14:15:02.351343,"Otake, Hiroshima",Otake,Hiroshima,132.4169,34.5062,2026-05-08 10:56:02.296244,"Yabu, Hyogo",2026-05-09 14:02:10.020013,None,Delivered,YES,6.1,Cool,135.3007,34.6327,135.3007,34.6327,Yabu,Hyogo,264.41,27.1,RFID-KZ-0019,YES,0.97,Low Risk,99.03,Excellent
PKG013,KZJP2026000013,2026-05-09 16:57:57.665546,"Otsuki, Yamanashi",Otsuki,Yamanashi,138.4812,35.5814,2026-05-08 16:35:46.086809,"Suwa, Nagano",2026-05-10 00:13:35.247700,None,Delivered,NO,20.7,Ambient,138.0939,36.5688,138.0939,36.5688,Suwa,Nagano,115.18,31.63,RFID-KZ-0013,YES,2.42,Low Risk,97.58,Excellent
PKG034,KZJP2026000034,2026-05-10 00:07:17.584601,"Kyotanabe, Kyoto",Kyotanabe,Kyoto,135.6588,34.9621,2026-05-07 06:59:36.875537,"Tokamachi, Niigata",2026-05-10 01:28:47.508681,None,Delivered,YES,5.8,Cool,139.0995,38.0183,139.0995,38.0183,Tokamachi,Niigata,458.29,66.49,RFID-KZ-0034,YES,2.04,Low Risk,97.96,Excellent
PKG050,KZJP2026000050,2026-05-10 01:34:29.614716,"Namegata, Ibaraki",Namegata,Ibaraki,140.5275,36.2526,2026-05-08 20:34:16.097756,"Hiratsuka, Kanagawa",2026-05-09 19:50:58.280686,None,Delivered,NO,18.4,Ambient,139.5554,35.3653,139.5554,35.3653,Hiratsuka,Kanagawa,131.98,23.28,RFID-KZ-0050,YES,2.48,Low Risk,97.52,Excellent
PKG030,KZJP2026000030,2026-05-10 04:07:23.397441,"Koga, Fukuoka",Koga,Fukuoka,130.428,33.4731,2026-05-08 06:13:00.337818,"Mino, Gifu",2026-05-10 13:42:24.551186,None,Delivered,NO,22.0,Ambient,136.8528,35.3398,136.8528,35.3398,Mino,Gifu,624.75,55.49,RFID-KZ-0030,YES,0.47,Low Risk,99.53,Excellent
PKG035,KZJP2026000035,2026-05-10 09:28:13.655726,"Joso, Ibaraki",Joso,Ibaraki,140.5099,36.4435,2026-05-08 12:05:42.041046,"Kurobe, Toyama",2026-05-10 05:03:29.485038,None,Delivered,NO,22.3,Ambient,137.2182,36.576,137.2182,36.576,Kurobe,Toyama,294.55,40.96,RFID-KZ-0035,YES,2.69,Low Risk,97.31,Excellent
PKG017,KZJP2026000017,2026-05-10 09:59:14.219755,"Gujo, Gifu",Gujo,Gifu,136.6402,35.4046,2026-05-08 20:12:39.983308,"Katsuragi, Nara",2026-05-10 11:19:55.812829,None,Delivered,NO,24.3,Ambient,135.7234,34.7346,135.7234,34.7346,Katsuragi,Nara,111.86,39.12,RFID-KZ-0017,YES,0.39,Low Risk,99.61,Excellent
PKG031,KZJP2026000031,2026-05-10 10:32:42.709155,"Kameoka, Kyoto",Kameoka,Kyoto,135.8612,34.9358,2026-05-08 06:47:01.355106,"Toshima, Tokyo",2026-05-10 03:53:30.638093,None,Delivered,NO,24.6,Ambient,139.7847,35.7653,139.7847,35.7653,Toshima,Tokyo,367.57,45.11,RFID-KZ-0031,YES,1.98,Low Risk,98.02,Excellent
PKG005,KZJP2026000005,2026-05-10 12:23:09.020899,"Hikari, Yamaguchi",Hikari,Yamaguchi,131.4782,34.0586,2026-05-09 05:04:56.793783,"Mima, Tokushima",2026-05-10 15:41:41.607651,None,Delivered,YES,5.6,Cool,134.652,33.9953,134.652,33.9953,Mima,Tokushima,292.56,34.61,RFID-KZ-0005,YES,2.5,Low Risk,97.5,Excellent
PKG027,KZJP2026000027,2026-05-10 14:04:51.332919,"Kaminoyama, Yamagata",Kaminoyama,Yamagata,140.4564,38.1648,2026-05-08 13:23:52.414036,"Tajimi, Gifu",2026-05-10 16:24:13.871084,None,Delivered,NO,24.8,Ambient,136.6402,35.4266,136.6402,35.4266,Tajimi,Gifu,456.18,51.01,RFID-KZ-0027,YES,1.32,Low Risk,98.68,Excellent
PKG029,KZJP2026000029,2026-05-10 14:50:42.418880,"Nikko, Tochigi",Nikko,Tochigi,139.8871,36.4352,2026-05-07 01:22:41.220084,"Shunan, Yamaguchi",2026-05-10 21:30:35.651529,None,Delivered,YES,5.5,Cool,131.3644,34.129,131.3644,34.129,Shunan,Yamaguchi,814.65,92.13,RFID-KZ-0029,YES,0.36,Low Risk,99.64,Excellent
PKG042,KZJP2026000042,2026-05-10 16:54:20.626103,"Nakatsugawa, Gifu",Nakatsugawa,Gifu,136.7642,35.2957,2026-05-07 21:46:27.570721,"Shimotsuma, Ibaraki",2026-05-10 14:38:18.941064,None,Delivered,NO,23.3,Ambient,140.5651,36.3613,140.5651,36.3613,Shimotsuma,Ibaraki,362.54,64.86,RFID-KZ-0042,YES,0.24,Low Risk,99.76,Excellent
PKG009,KZJP2026000009,2026-05-10 19:59:27.733176,"Oga, Akita",Oga,Akita,140.0154,39.6361,2026-05-07 21:37:57.812646,"Tosa, Kochi",2026-05-10 16:22:11.099658,None,Delivered,YES,5.1,Cool,133.444,33.4772,133.444,33.4772,Tosa,Kochi,901.39,66.74,RFID-KZ-0009,YES,1.94,Low Risk,98.06,Excellent
PKG018,KZJP2026000018,2026-05-10 22:32:30.497007,"Rumoi, Hokkaido",Rumoi,Hokkaido,141.4422,42.6718,2026-05-07 10:30:37.375504,"Aisai, Aichi",2026-05-10 20:06:15.850304,None,Delivered,NO,17.7,Ambient,136.984,35.2729,136.984,35.2729,Aisai,Aichi,908.16,81.59,RFID-KZ-0018,YES,2.63,Low Risk,97.37,Excellent
PKG044,KZJP2026000044,2026-05-11 00:33:54.286412,"Gotemba, Shizuoka",Gotemba,Shizuoka,138.4457,34.8736,2026-05-08 10:53:28.432311,"Minamisoma, Fukushima",2026-05-11 06:31:56.416065,None,Delivered,NO,16.7,Ambient,140.4328,37.8648,140.4328,37.8648,Minamisoma,Fukushima,377.18,67.64,RFID-KZ-0044,YES,1.67,Low Risk,98.33,Excellent
PKG065,KZJP2026000065,2026-05-11 18:35:45.356676,"Chita, Aichi",Chita,Aichi,137.0191,35.2226,2026-05-10 17:29:58.102798,"Seki, Gifu",2026-05-11 15:19:18.526615,None,Delivered,NO,22.6,Ambient,136.6726,35.3331,136.6726,35.3331,Seki,Gifu,33.77,21.82,RFID-KZ-0065,YES,0.61,Low Risk,99.39,Excellent
PKG092,KZJP2026000092,2026-05-11 20:48:36.506739,"Semboku, Akita",Semboku,Akita,139.9932,39.6691,2026-05-10 19:17:40.205663,"Kakuda, Miyagi",2026-05-12 00:40:03.194542,None,Delivered,NO,17.1,Ambient,140.965,38.1931,140.965,38.1931,Kakuda,Miyagi,184.39,29.37,RFID-KZ-0092,YES,1.9,Low Risk,98.1,Excellent
PKG014,KZJP2026000014,2026-05-11 23:56:11.356941,"Arakawa, Tokyo",Arakawa,Tokyo,139.6046,35.772,2026-05-09 17:31:25.363857,"Okayama, Okayama",2026-05-11 18:19:51.861570,None,Delivered,NO,17.9,Ambient,134.0249,34.7126,134.0249,34.7126,Okayama,Okayama,520.15,48.81,RFID-KZ-0014,YES,0.67,Low Risk,99.33,Excellent
PKG091,KZJP2026000091,2026-05-12 01:55:01.624853,"Shibuya, Tokyo",Shibuya,Tokyo,139.6567,35.5747,2026-05-10 20:33:27.849131,"Matsusaka, Mie",2026-05-12 05:05:55.205185,None,Delivered,NO,17.1,Ambient,136.3891,34.7413,136.3891,34.7413,Matsusaka,Mie,311.16,32.54,RFID-KZ-0091,YES,0.46,Low Risk,99.54,Excellent
PKG096,KZJP2026000096,2026-05-12 02:10:01.778631,"Kaminoyama, Yamagata",Kaminoyama,Yamagata,140.4564,38.1648,2026-05-11 00:14:54.470696,"Noda, Chiba",2026-05-12 07:08:25.992329,None,Delivered,NO,18.7,Ambient,140.2247,35.6272,140.2247,35.6272,Noda,Chiba,282.92,30.89,RFID-KZ-0096,YES,1.47,Low Risk,98.53,Excellent
PKG041,KZJP2026000041,2026-05-12 07:24:35.085517,"Sendai, Miyagi",Sendai,Miyagi,140.9772,38.3264,2026-05-07 19:34:10.186419,"Fukutsu, Fukuoka",2026-05-12 08:07:12.992394,None,Delivered,YES,5.2,Cool,130.507,33.5327,130.507,33.5327,Fukutsu,Fukuoka,1081.97,108.55,RFID-KZ-0041,YES,2.05,Low Risk,97.95,Excellent
PKG047,KZJP2026000047,2026-05-12 07:44:41.692787,"Onojo, Fukuoka",Onojo,Fukuoka,130.3146,33.6727,2026-05-09 12:55:24.630180,"Togane, Chiba",2026-05-12 05:56:25.390755,None,Delivered,NO,22.1,Ambient,139.9971,35.5578,139.9971,35.5578,Togane,Chiba,910.09,65.02,RFID-KZ-0047,YES,2.14,Low Risk,97.86,Excellent
PKG084,KZJP2026000084,2026-05-12 12:08:41.683150,"Tondabayashi, Osaka",Tondabayashi,Osaka,135.6206,34.6738,2026-05-11 06:37:15.434930,"Komaki, Aichi",2026-05-12 08:20:57.065542,None,Delivered,YES,6.4,Cool,136.7869,35.1704,136.7869,35.1704,Komaki,Aichi,119.82,25.73,RFID-KZ-0084,YES,0.51,Low Risk,99.49,Excellent
PKG073,KZJP2026000073,2026-05-12 15:21:31.791939,"Ageo, Saitama",Ageo,Saitama,139.6501,35.9813,2026-05-10 07:47:07.847278,"Takizawa, Iwate",2026-05-12 17:09:06.110543,None,Delivered,NO,21.8,Ambient,141.2157,39.6016,141.2157,39.6016,Takizawa,Iwate,425.4,57.37,RFID-KZ-0073,YES,1.92,Low Risk,98.08,Excellent
PKG062,KZJP2026000062,2026-05-12 18:51:49.315007,"Mitsuke, Niigata",Mitsuke,Niigata,139.0014,38.031,2026-05-11 06:14:34.217035,"Nanao, Ishikawa",2026-05-12 20:17:33.800754,None,Delivered,NO,18.8,Ambient,136.6828,36.6782,136.6828,36.6782,Nanao,Ishikawa,254.2,38.05,RFID-KZ-0062,YES,0.9,Low Risk,99.1,Excellent
PKG069,KZJP2026000069,2026-05-13 00:53:34.014051,"Ikeda, Osaka",Ikeda,Osaka,135.4152,34.6112,2026-05-11 19:34:14.090867,"Toyonaka, Osaka",2026-05-12 18:21:35.349051,None,Delivered,NO,18.5,Ambient,135.3828,34.7047,135.3828,34.7047,Toyonaka,Osaka,10.81,22.79,RFID-KZ-0069,YES,1.81,Low Risk,98.19,Excellent
PKG055,KZJP2026000055,2026-05-13 02:24:36.349580,"Shiroi, Chiba",Shiroi,Chiba,140.1871,35.5185,2026-05-11 15:40:33.390154,"Ashiya, Hyogo",2026-05-13 06:23:29.045715,None,Delivered,NO,21.3,Ambient,135.2885,34.6144,135.2885,34.6144,Ashiya,Hyogo,456.97,38.72,RFID-KZ-0055,YES,0.6,Low Risk,99.4,Excellent
PKG054,KZJP2026000054,2026-05-13 06:02:47.773841,"Hanyu, Saitama",Hanyu,Saitama,139.7088,35.7594,2026-05-12 21:15:46.448453,"Higashikurume, Tokyo",2026-05-13 15:04:13.283599,None,Delivered,NO,21.3,Ambient,139.7003,35.5698,139.7003,35.5698,Higashikurume,Tokyo,21.1,17.81,RFID-KZ-0054,YES,0.23,Low Risk,99.77,Excellent
PKG068,KZJP2026000068,2026-05-13 09:57:45.469243,"Matsue, Shimane",Matsue,Shimane,133.1539,35.5256,2026-05-11 06:21:11.375752,"Kitakata, Fukushima",2026-05-13 16:54:37.121274,None,Delivered,YES,6.9,Cool,140.5609,37.6742,140.5609,37.6742,Kitakata,Fukushima,702.81,58.56,RFID-KZ-0068,YES,1.96,Low Risk,98.04,Excellent
PKG098,KZJP2026000098,2026-05-13 15:17:20.051163,"Ashikaga, Tochigi",Ashikaga,Tochigi,139.9089,36.6722,2026-05-12 21:13:09.636005,"Toride, Ibaraki",2026-05-13 13:31:48.919424,None,Delivered,NO,22.7,Ambient,140.51,36.2394,140.51,36.2394,Toride,Ibaraki,72.15,16.31,RFID-KZ-0098,YES,0.22,Low Risk,99.78,Excellent
PKG083,KZJP2026000083,2026-05-13 15:56:03.809745,"Ono, Fukui",Ono,Fukui,136.1021,36.0762,2026-05-11 23:31:47.469754,"Kamo, Niigata",2026-05-13 14:34:40.379309,None,Delivered,NO,23.1,Ambient,139.1547,37.9361,139.1547,37.9361,Kamo,Niigata,340.91,39.05,RFID-KZ-0083,YES,1.67,Low Risk,98.33,Excellent
PKG063,KZJP2026000063,2026-05-13 18:21:49.185067,"Uozu, Toyama",Uozu,Toyama,137.1431,36.7929,2026-05-12 17:24:29.934900,"Tomioka, Gunma",2026-05-13 19:41:53.748469,None,Delivered,NO,19.8,Ambient,139.0258,36.5043,139.0258,36.5043,Tomioka,Gunma,171.0,26.29,RFID-KZ-0063,YES,1.19,Low Risk,98.81,Excellent
PKG052,KZJP2026000052,2026-05-13 21:37:52.724386,"Hokuto, Yamanashi",Hokuto,Yamanashi,138.5333,35.7787,2026-05-11 20:53:38.696311,"Kurihara, Miyagi",2026-05-13 19:50:56.491186,None,Delivered,YES,3.6,Cool,140.7626,38.3184,140.7626,38.3184,Kurihara,Miyagi,344.78,46.95,RFID-KZ-0052,YES,1.01,Low Risk,98.99,Excellent
PKG089,KZJP2026000089,2026-05-13 23:20:11.355325,"Izumisano, Osaka",Izumisano,Osaka,135.5655,34.5917,2026-05-11 02:39:50.021276,"Zama, Kanagawa",2026-05-13 19:29:54.369070,None,Delivered,NO,13.6,Ambient,139.647,35.5677,139.647,35.5677,Zama,Kanagawa,386.9,64.83,RFID-KZ-0089,YES,2.47,Low Risk,97.53,Excellent
PKG067,KZJP2026000067,2026-05-14 04:08:46.612167,"Suwa, Nagano",Suwa,Nagano,138.0939,36.5688,2026-05-13 01:38:36.856120,"Joetsu, Niigata",2026-05-14 05:06:46.192021,None,Delivered,NO,22.3,Ambient,138.9658,38.0132,138.9658,38.0132,Joetsu,Niigata,178.17,27.47,RFID-KZ-0067,YES,0.48,Low Risk,99.52,Excellent
PKG100,KZJP2026000100,2026-05-14 04:24:32.181745,"Sagae, Yamagata",Sagae,Yamagata,140.3678,38.1207,2026-05-13 14:13:26.668726,"Higashimatsushima, Miyagi",2026-05-14 05:14:30.734589,None,Delivered,NO,16.8,Ambient,140.7626,38.2194,140.7626,38.2194,Higashimatsushima,Miyagi,36.22,15.02,RFID-KZ-0100,YES,1.43,Low Risk,98.57,Excellent
PKG099,KZJP2026000099,2026-05-14 05:52:39.289416,"Marugame, Kagawa",Marugame,Kagawa,134.0729,34.4599,2026-05-12 06:44:41.129336,"Ota, Tokyo",2026-05-14 06:15:59.273968,None,Delivered,NO,18.5,Ambient,139.5824,35.739,139.5824,35.739,Ota,Tokyo,520.93,47.52,RFID-KZ-0099,YES,0.41,Low Risk,99.59,Excellent
PKG028,KZJP2026000028,2026-05-14 08:13:18.675475,"Date, Fukushima",Date,Fukushima,140.3585,37.7995,2026-05-09 19:47:19.471352,"Tagawa, Fukuoka",2026-05-14 07:08:13.044617,None,Delivered,NO,19.2,Ambient,130.4948,33.5144,130.4948,33.5144,Tagawa,Fukuoka,1009.76,107.35,RFID-KZ-0028,YES,2.34,Low Risk,97.66,Excellent
PKG059,KZJP2026000059,2026-05-14 10:24:31.550757,"Shimanto, Kochi",Shimanto,Kochi,133.5942,33.6618,2026-05-13 03:42:26.328332,"Yamatokoriyama, Nara",2026-05-14 14:20:30.885857,None,Delivered,NO,19.8,Ambient,135.7621,34.7821,135.7621,34.7821,Yamatokoriyama,Nara,235.04,34.63,RFID-KZ-0059,YES,0.23,Low Risk,99.77,Excellent
PKG066,KZJP2026000066,2026-05-14 13:03:47.608414,"Aioi, Hyogo",Aioi,Hyogo,135.2585,34.7923,2026-05-12 11:28:04.285675,"Exception Hub near Muko, Kyoto",2026-05-14 04:30:09.504379,RFID verification issue at sorting facility,Not Delivered,YES,9.7,Ambient,135.75327,35.083034,135.8312,35.1137,Muko,Kyoto,63.26,41.03,RFID-KZ-0066,NO,24.81,High Risk,75.19,At Risk
PKG064,KZJP2026000064,2026-05-14 13:49:50.201023,"Buzen, Fukuoka",Buzen,Fukuoka,130.3667,33.4754,2026-05-11 10:41:23.359568,"Tonami, Toyama",2026-05-14 11:55:41.571833,None,Delivered,NO,21.0,Ambient,137.3068,36.6201,137.3068,36.6201,Tonami,Toyama,721.8,73.24,RFID-KZ-0064,YES,1.84,Low Risk,98.16,Excellent
PKG056,KZJP2026000056,2026-05-14 17:23:21.205825,"Matsudo, Chiba",Matsudo,Chiba,140.1995,35.5315,2026-05-13 00:54:23.925032,"Awa, Tokushima",2026-05-15 04:27:27.799003,None,Delivered,NO,24.5,Ambient,134.5634,33.9512,134.5634,33.9512,Awa,Tokushima,544.04,51.55,RFID-KZ-0056,YES,1.85,Low Risk,98.15,Excellent
PKG087,KZJP2026000087,2026-05-14 18:01:41.075905,"Fukaya, Saitama",Fukaya,Saitama,139.7386,35.9372,2026-05-12 01:02:06.575166,"Etajima, Hiroshima",2026-05-14 21:41:18.736339,None,Delivered,NO,21.7,Ambient,132.4169,34.2766,132.4169,34.2766,Etajima,Hiroshima,690.95,68.65,RFID-KZ-0087,YES,2.24,Low Risk,97.76,Excellent
PKG060,KZJP2026000060,2026-05-14 21:59:40.912127,"Imabari, Ehime",Imabari,Ehime,132.7919,33.9563,2026-05-12 14:46:13.800812,"Kuki, Saitama",2026-05-15 01:12:27.821242,None,Delivered,YES,5.1,Cool,139.6322,35.7422,139.6322,35.7422,Kuki,Saitama,654.85,58.44,RFID-KZ-0060,YES,0.29,Low Risk,99.71,Excellent
PKG090,KZJP2026000090,2026-05-14 22:14:03.396115,"Ono, Hyogo",Ono,Hyogo,135.1083,34.7727,2026-05-14 02:25:34.023226,"Tenri, Nara",2026-05-15 01:51:09.123042,None,Delivered,YES,4.5,Cool,135.7132,34.6961,135.7132,34.6961,Tenri,Nara,55.93,23.43,RFID-KZ-0090,YES,0.23,Low Risk,99.77,Excellent
PKG079,KZJP2026000079,2026-05-15 02:37:01.228548,"Yuzawa, Akita",Yuzawa,Akita,140.107,39.5987,2026-05-13 00:15:53.100990,"Itami, Hyogo",2026-05-14 20:06:55.345470,None,Delivered,NO,21.1,Ambient,135.3137,34.7101,135.3137,34.7101,Itami,Hyogo,689.64,43.85,RFID-KZ-0079,YES,1.0,Low Risk,99.0,Excellent
PKG070,KZJP2026000070,2026-05-15 11:54:29.878734,"Musashino, Tokyo",Musashino,Tokyo,139.5752,35.7182,2026-05-14 19:24:50.304768,"Asaka, Saitama",2026-05-15 06:20:03.651668,None,Delivered,YES,6.2,Cool,139.7583,35.9026,139.7583,35.9026,Asaka,Saitama,26.33,10.92,RFID-KZ-0070,YES,1.14,Low Risk,98.86,Excellent
PKG085,KZJP2026000085,2026-05-15 13:36:17.354424,"Azumino, Nagano",Azumino,Nagano,138.0939,36.7338,2026-05-14 05:56:06.013067,"Sakura, Chiba",2026-05-15 12:36:46.096208,None,Delivered,NO,25.2,Ambient,139.9971,35.6568,139.9971,35.6568,Sakura,Chiba,208.58,30.68,RFID-KZ-0085,YES,2.65,Low Risk,97.35,Excellent
PKG097,KZJP2026000097,2026-05-15 15:33:22.492207,"Yasugi, Shimane",Yasugi,Shimane,133.0531,35.3482,2026-05-14 00:23:05.998763,"Toki, Gifu",2026-05-15 20:12:09.682660,None,Delivered,YES,2.7,Cool,136.6504,35.3661,136.6504,35.3661,Toki,Gifu,326.21,43.82,RFID-KZ-0097,YES,2.0,Low Risk,98.0,Excellent
PKG082,KZJP2026000082,2026-05-16 05:51:05.471925,"Annaka, Gunma",Annaka,Gunma,138.9515,36.439,2026-05-15 05:54:06.039663,"Oyama, Tochigi",2026-05-16 10:20:23.966289,None,Delivered,NO,17.6,Ambient,139.9757,36.4793,139.9757,36.4793,Oyama,Tochigi,91.71,28.44,RFID-KZ-0082,YES,0.26,Low Risk,99.74,Excellent
PKG053,KZJP2026000053,2026-05-16 06:24:22.610790,"Kuwana, Mie",Kuwana,Mie,136.4215,34.6478,2026-05-15 05:32:33.496336,"Higashiomi, Shiga",2026-05-16 06:06:30.409434,None,Delivered,NO,22.4,Ambient,135.7593,34.955,135.7593,34.955,Higashiomi,Shiga,69.44,24.57,RFID-KZ-0053,YES,1.54,Low Risk,98.46,Excellent
PKG061,KZJP2026000061,2026-05-16 08:36:40.784599,"Sosa, Chiba",Sosa,Chiba,140.0889,35.726,2026-05-13 12:53:17.041416,"Asakuchi, Okayama",2026-05-16 11:52:33.769102,None,Delivered,NO,22.2,Ambient,134.0379,34.6352,134.0379,34.6352,Asakuchi,Okayama,563.05,70.99,RFID-KZ-0061,YES,0.43,Low Risk,99.57,Excellent
PKG051,KZJP2026000051,2026-05-16 10:09:28.937617,"Hiroshima, Hiroshima",Hiroshima,Hiroshima,132.5572,34.4489,2026-05-15 09:57:41.632160,"Transit Scan near Akaiwa, Okayama",2026-05-16 21:39:55.161223,Shipment still within estimated delivery window,In Transit,NO,22.1,Ambient,133.498814,34.597559,133.8103,34.6056,Akaiwa,Okayama,116.11,35.7,RFID-KZ-0051,YES,3.68,Low Risk,96.32,Good
PKG095,KZJP2026000095,2026-05-16 16:42:58.616040,"Takahashi, Okayama",Takahashi,Okayama,134.0379,34.675,2026-05-15 03:45:44.878836,"Shibata, Niigata",2026-05-16 22:30:07.654733,None,Delivered,YES,5.1,Cool,139.0409,37.7963,139.0409,37.7963,Shibata,Niigata,567.12,42.74,RFID-KZ-0095,YES,1.88,Low Risk,98.12,Excellent
PKG094,KZJP2026000094,2026-05-16 18:31:56.497178,"Imabari, Ehime",Imabari,Ehime,132.7919,33.9563,2026-05-14 01:48:22.668364,"Tateyama, Chiba",2026-05-16 18:02:03.099419,None,Delivered,NO,21.5,Ambient,140.0193,35.5248,140.0193,35.5248,Tateyama,Chiba,682.85,64.23,RFID-KZ-0094,YES,1.35,Low Risk,98.65,Excellent
PKG058,KZJP2026000058,2026-05-16 18:38:21.085833,"Matsuyama, Ehime",Matsuyama,Ehime,132.8709,33.8967,2026-05-14 14:37:41.909528,"Awara, Fukui",2026-05-16 16:46:48.015695,None,Delivered,YES,4.8,Cool,136.3147,35.9894,136.3147,35.9894,Awara,Fukui,390.7,50.15,RFID-KZ-0058,YES,2.5,Low Risk,97.5,Excellent
PKG057,KZJP2026000057,2026-05-17 00:59:38.651136,"Nagai, Yamagata",Nagai,Yamagata,140.4264,38.3427,2026-05-14 05:39:47.663652,"Tatsuno, Hyogo",2026-05-17 07:07:03.069058,None,Delivered,NO,16.1,Ambient,135.2761,34.6014,135.2761,34.6014,Tatsuno,Hyogo,620.4,73.45,RFID-KZ-0057,YES,0.71,Low Risk,99.29,Excellent
PKG086,KZJP2026000086,2026-05-17 06:50:44.215518,"Kunitachi, Tokyo",Kunitachi,Tokyo,139.795,35.7506,2026-05-15 20:55:40.567123,"Sado, Niigata",2026-05-17 03:43:43.030313,None,Delivered,NO,22.0,Ambient,139.1294,37.992,139.1294,37.992,Sado,Niigata,256.17,30.8,RFID-KZ-0086,YES,2.68,Low Risk,97.32,Excellent
PKG071,KZJP2026000071,2026-05-17 10:59:18.409307,"Wakkanai, Hokkaido",Wakkanai,Hokkaido,141.7055,42.8705,2026-05-14 07:25:47.400409,"Komaki, Aichi",2026-05-17 11:04:41.348147,None,Delivered,NO,25.0,Ambient,136.7869,35.1704,136.7869,35.1704,Komaki,Aichi,955.41,75.65,RFID-KZ-0071,YES,2.61,Low Risk,97.39,Excellent
PKG076,KZJP2026000076,2026-05-17 11:04:01.625330,"Minato, Tokyo",Minato,Tokyo,139.6211,35.7865,2026-05-16 19:28:15.789732,"Toshima, Tokyo",2026-05-17 14:17:08.435278,None,Delivered,YES,3.8,Cool,139.7847,35.7653,139.7847,35.7653,Toshima,Tokyo,14.95,18.81,RFID-KZ-0076,YES,0.5,Low Risk,99.5,Excellent
PKG093,KZJP2026000093,2026-05-17 12:19:50.790003,"Takikawa, Hokkaido",Takikawa,Hokkaido,141.0639,43.3371,2026-05-12 21:29:57.934474,"Ono, Fukui",2026-05-17 05:09:40.352065,None,Delivered,NO,24.5,Ambient,136.1021,36.0762,136.1021,36.0762,Ono,Fukui,911.72,103.66,RFID-KZ-0093,YES,0.75,Low Risk,99.25,Excellent
PKG080,KZJP2026000080,2026-05-17 12:48:16.825722,"Shibukawa, Gunma",Shibukawa,Gunma,139.1791,36.4094,2026-05-16 00:54:23.363274,"Inuyama, Aichi",2026-05-17 13:05:17.198126,None,Delivered,YES,5.3,Cool,136.9994,35.2572,136.9994,35.2572,Inuyama,Aichi,234.56,36.18,RFID-KZ-0080,YES,2.34,Low Risk,97.66,Excellent
PKG077,KZJP2026000077,2026-05-17 17:23:28.383482,"Yamaguchi, Yamaguchi",Yamaguchi,Yamaguchi,131.579,34.236,2026-05-15 04:11:08.017548,"Tsushima, Aichi",2026-05-17 20:32:03.870095,None,Delivered,NO,19.8,Ambient,136.9695,35.2835,136.9695,35.2835,Tsushima,Aichi,505.95,64.35,RFID-KZ-0077,YES,0.24,Low Risk,99.76,Excellent
PKG078,KZJP2026000078,2026-05-17 22:14:57.009231,"Fujinomiya, Shizuoka",Fujinomiya,Shizuoka,138.387,34.8557,2026-05-16 10:51:45.711469,"Yawata, Kyoto",2026-05-18 03:46:16.183835,None,Delivered,NO,19.0,Ambient,135.6588,35.0611,135.6588,35.0611,Yawata,Kyoto,249.66,40.91,RFID-KZ-0078,YES,0.29,Low Risk,99.71,Excellent
PKG072,KZJP2026000072,2026-05-18 07:02:59.369858,"Tagawa, Fukuoka",Tagawa,Fukuoka,130.4948,33.5144,2026-05-16 15:17:27.409265,"Wakayama, Wakayama",2026-05-18 05:47:00.099995,None,Delivered,YES,5.2,Cool,135.2761,34.288,135.2761,34.288,Wakayama,Wakayama,449.53,38.49,RFID-KZ-0072,YES,1.37,Low Risk,98.63,Excellent
PKG075,KZJP2026000075,2026-05-18 15:04:56.730832,"Nasukarasuyama, Tochigi",Nasukarasuyama,Tochigi,139.8476,36.4403,2026-05-16 11:48:31.584776,"Gotsu, Shimane",2026-05-18 18:16:04.354894,None,Delivered,NO,23.0,Ambient,133.1417,35.3923,133.1417,35.3923,Gotsu,Shimane,614.9,54.46,RFID-KZ-0075,YES,1.73,Low Risk,98.27,Excellent
PKG088,KZJP2026000088,2026-05-18 17:34:14.790766,"Aomori, Aomori",Aomori,Aomori,140.8453,40.8819,2026-05-15 01:18:08.808840,"Minamiawaji, Hyogo",2026-05-18 20:40:28.564475,None,Delivered,NO,23.3,Ambient,135.2388,34.8021,135.2388,34.8021,Minamiawaji,Hyogo,835.88,91.37,RFID-KZ-0088,YES,1.12,Low Risk,98.88,Excellent
PKG074,KZJP2026000074,2026-05-18 20:12:22.023751,"Katsuragi, Nara",Katsuragi,Nara,135.7234,34.7346,2026-05-16 00:38:47.630906,"Tochigi, Tochigi",2026-05-18 20:05:22.728596,None,Delivered,NO,17.3,Ambient,139.812,36.6521,139.812,36.6521,Tochigi,Tochigi,426.31,67.44,RFID-KZ-0074,YES,0.34,Low Risk,99.66,Excellent
PKG081,KZJP2026000081,2026-05-19 15:34:53.229217,"Hikari, Yamaguchi",Hikari,Yamaguchi,131.4782,34.0586,2026-05-15 05:00:01.841640,"Semboku, Akita",2026-05-19 10:23:31.579391,None,Delivered,YES,4.9,Cool,139.9932,39.6691,139.9932,39.6691,Semboku,Akita,980.52,101.39,RFID-KZ-0081,YES,1.23,Low Risk,98.77,Excellent
